Workbook

Sheet GI_Comparison
A1: Client | B1: PSNR gray floor (dB) | C1: none_20k: PSNR consensus (dB) | D1: none_20k: gain over floor (dB) | E1: none_20k: PSNR best seed (dB) | F1: dinov2_20k: PSNR consensus (dB) | G1: dinov2_20k: gain over floor (dB) | H1: dinov2_20k: PSNR best seed (dB)
A2: p002 | B2: 9.4025087 | C2: 10.189818 | D2: =C2-$B2 | E2: 10.022737 | F2: 11.955697 | G2: =F2-$B2 | H2: 11.964285
A3: p012 | B3: 9.9887754 | C3: 10.923848 | D3: =C3-$B3 | E3: 10.766936 | F3: 12.010816 | G3: =F3-$B3 | H3: 11.82165
A4: p014 | B4: 10.148804 | C4: 10.659606 | D4: =C4-$B4 | E4: 10.3592 | F4: 10.471597 | G4: =F4-$B4 | H4: 10.33662
A5: p015 | B5: 10.070384 | C5: 9.8792329 | D5: =C5-$B5 | E5: 9.6197536 | F5: 12.002794 | G5: =F5-$B5 | H5: 11.547884
A6: p021 | B6: 9.4504209 | C6: 10.15026 | D6: =C6-$B6 | E6: 9.839114 | F6: 10.270594 | G6: =F6-$B6 | H6: 10.047293
A7: p035 | B7: 9.0823549 | C7: 9.7698992 | D7: =C7-$B7 | E7: 9.753765 | F7: 9.5972716 | G7: =F7-$B7 | H7: 9.6477018
A8: Mean | B8: =AVERAGE(B2:B7) | C8: =AVERAGE(C2:C7) | D8: =AVERAGE(D2:D7) | E8: =AVERAGE(E2:E7) | F8: =AVERAGE(F2:F7) | G8: =AVERAGE(G2:G7) | H8: =AVERAGE(H2:H7)
A9: Clients above floor | D9: =COUNTIF(D2:D7,">0") | G9: =COUNTIF(G2:G7,">0")
A11: Settings: none_20k = S1_full no teacher, 20k iterations; dinov2_20k = S2_full DINOv2 surrogate, 20k iterations
A12: Gain over floor = consensus PSNR minus PSNR of a uniform gray image (no-information reference).
A13: All attacks: round-30 victim gradient, batch 8, 2 seeds, TV 1, no Langevin noise; 4000 iterations except the _20k columns (S1_full / S2_full: 20000 iterations, 6 clients).

Sheet Baseline_Rounds
A1: Round | B1: Global student acc | C1: Global student macro-F1 | D1: Mean per-client student acc (held-out drivers for State Farm) | E1: Mean private teacher acc | F1: Round time (min) | G1: Mean private teacher macro-F1
A2: 1 | B2: 0.08496221 | C2: 0.015665545 | D2: 0.075918241 | E2: 0.146 | F2: 19.475453 | G2: 0.077568416
A3: 2 | B3: 0.15324472 | C3: 0.10732834 | D3: 0.13285549 | E3: 0.14352381 | F3: 19.331787 | G3: 0.075039903
A4: 3 | B4: 0.16757884 | C4: 0.11940707 | D4: 0.14425877 | E4: 0.14361905 | F4: 19.329382 | G4: 0.076855573
A5: 4 | B5: 0.27912432 | C5: 0.2624715 | D5: 0.2355453 | E5: 0.13752381 | F5: 19.465472 | G5: 0.06627257
A6: 5 | B6: 0.31456867 | C6: 0.29867553 | D6: 0.26582671 | E6: 0.14861905 | F6: 19.645866 | G6: 0.078083439
A7: 6 | B7: 0.35757102 | C7: 0.34694622 | D7: 0.30709425 | E7: 0.154 | F7: 19.646203 | G7: 0.08566612
A8: 7 | B8: 0.35887412 | C8: 0.36233789 | D8: 0.30759508 | E8: 0.148 | F8: 19.860831 | G8: 0.083275933
A9: 8 | B9: 0.3818087 | C9: 0.37962687 | D9: 0.33066944 | E9: 0.14680952 | F9: 19.66803 | G9: 0.080266162
A10: 9 | B10: 0.41230128 | C10: 0.41037374 | D10: 0.36367063 | E10: 0.14457143 | F10: 19.675508 | G10: 0.078305778
A11: 10 | B11: 0.42116237 | C11: 0.4142323 | D11: 0.37400454 | E11: 0.137 | F11: 19.688459 | G11: 0.068142698
A12: 11 | B12: 0.43002346 | C12: 0.42657678 | D12: 0.38477646 | E12: 0.1347619 | F12: 19.700915 | G12: 0.07031936
A13: 12 | B13: 0.4331509 | C13: 0.42277579 | D13: 0.38903703 | E13: 0.15757143 | F13: 19.888986 | G13: 0.085111325
... A31: 30 | B31: 0.48188689 | C31: 0.46675531 | D31: 0.44314934 | E31: 0.14180225 | F31: 21.58882 | G31: 0.074947941

Sheet Baseline_Clients
A1: Client | B1: Global student acc on this client's local test (round 30) | C1: Private teacher acc on its test data (not trained on) | D1: Student acc on own training images | E1: Teacher acc on own training images | F1: Teacher overfitting gap (train - test)
A2: p002 | C2: 0.12952828 | D2: 0.99365517 | E2: 0.99917241 | F2: =E2-C2
A3: p012 | C3: 0.10737555 | D3: 0.98760632 | E3: 0.99829891 | F3: =E3-C3
A4: p014 | C4: 0.10320563 | D4: 0.98835616 | E4: 0.99977169 | F4: =E4-C4
A5: p015 | C5: 0.11832161 | D5: 0.99428571 | E5: 0.99977143 | F5: =E5-C5
A6: p016 | C6: 0.091998958 | D6: 0.99647495 | E6: 0.99888683 | F6: =E6-C6
A7: p021 | C7: 0.17513683 | D7: 0.99159256 | E7: 0.99789814 | F7: =E7-C7
A8: p022 | C8: 0.12118843 | D8: 0.99951338 | E8: 0.99983779 | F8: =E8-C8
A9: p024 | C9: 0.17696117 | D9: 0.99755302 | E9: 0.9995106 | F9: =E9-C9
A10: p026 | C10: 0.092520198 | D10: 0.99531773 | E10: 0.99866221 | F10: =E10-C10
A11: p035 | C11: 0.10190253 | D11: 0.99481132 | E11: 0.99551887 | F11: =E11-C11
A12: p039 | C12: 0.12509773 | D12: 0.99201229 | E12: 0.99784946 | F12: =E12-C12
A13: p041 | C13: 0.17018504 | D13: 0.99636364 | E13: 0.99966942 | F13: =E13-C13
... A22: p061 | C22: 0.24394058 | D22: 0.9960445 | E22: 0.99777503 | F22: =E22-C22

Sheet Baseline_HeldOut
A1: Held-out driver (never trained on) | B1: Global student acc (round 30) | C1: Images
A2: p064 | B2: 0.6695122 | C2: 820
A3: p066 | B3: 0.60928433 | C3: 1034
A4: p072 | B4: 0.20520231 | C4: 346
A5: p075 | B5: 0.35872236 | C5: 814
A6: p081 | B6: 0.37302552 | C6: 823

Sheet Baseline_Summary
A1: Metric | B1: Value
A2: Final global student acc | B2: =Baseline_Rounds!B31
A3: Final global student macro-F1 | B3: =Baseline_Rounds!C31
A4: Final mean private teacher acc | B4: =Baseline_Rounds!E31
A5: Best global student acc | B5: =MAX(Baseline_Rounds!B2:B31)
A6: Best global student macro-F1 | B6: =MAX(Baseline_Rounds!C2:C31)
A7: Best mean private teacher acc | B7: =MAX(Baseline_Rounds!E2:E31)
A8: Final mean private teacher macro-F1 | B8: =Baseline_Rounds!G31
A9: Total training time (h) | B9: =SUM(Baseline_Rounds!F2:F31)/60
A11: Setting: 21 clients (one per driver; p064, p066, p072, p075, p081 held out as unseen test drivers), 30 rounds x 5 local epochs, batch 8, ViT-B mentor / ViT-S mentee, full FedKD loss, no SVD compression. Accuracy and F1 are measured on the held-out drivers.

Sheet C100_v1_Rounds
A1: Round | B1: Global student acc | C1: Global student macro-F1 | D1: Mean per-client student acc (held-out drivers for State Farm) | E1: Mean private teacher acc | F1: Round time (min) | G1: Mean private teacher macro-F1
A2: 1 | B2: 0.0415 | C2: 0.034447791 | D2: 0.038423154 | E2: 0.016467066 | F2: 9.3376395 | G2: 0.0033874048
A3: 2 | B3: 0.1559 | C3: 0.1168311 | D3: 0.1497006 | E3: 0.10329341 | F3: 9.2329318 | G3: 0.072484927
A4: 3 | B4: 0.3146 | C4: 0.29189719 | D4: 0.31357285 | E4: 0.26447106 | F4: 9.2164668 | G4: 0.22853173
A5: 4 | B5: 0.4289 | C5: 0.40842345 | D5: 0.43183633 | E5: 0.37185629 | F5: 9.3200637 | G5: 0.33729444
A6: 5 | B6: 0.4888 | C6: 0.47120955 | D6: 0.49690619 | E6: 0.41716567 | F6: 9.320908 | G6: 0.38711579
A7: 6 | B7: 0.5384 | C7: 0.5232566 | D7: 0.53812375 | E7: 0.4243513 | F7: 9.3263881 | G7: 0.40050615
A8: 7 | B8: 0.5671 | C8: 0.55405466 | D8: 0.57045908 | E8: 0.43792415 | F8: 9.4821178 | G8: 0.4128436
A9: 8 | B9: 0.5966 | C9: 0.58671852 | D9: 0.60279441 | E9: 0.43692615 | F9: 9.4411702 | G9: 0.41246064
A10: 9 | B10: 0.6184 | C10: 0.61048704 | D10: 0.61976048 | E10: 0.44341317 | F10: 9.6948211 | G10: 0.41637216
A11: 10 | B11: 0.6361 | C11: 0.62961568 | D11: 0.63762475 | E11: 0.4511976 | F11: 9.7488801 | G11: 0.42636132
A12: 11 | B12: 0.6492 | C12: 0.64330371 | D12: 0.6494012 | E12: 0.45419162 | F12: 9.7267612 | G12: 0.42889691
A13: 12 | B13: 0.6594 | C13: 0.65358137 | D13: 0.65828343 | E13: 0.4505988 | F13: 9.7981404 | G13: 0.42282246
... A31: 30 | B31: 0.7553 | C31: 0.75406762 | D31: 0.75489022 | E31: 0.44191617 | F31: 10.223522 | G31: 0.41762757

Sheet C100_v1_Clients
A1: Client | B1: Global student acc on this client's local test (round 30) | C1: Private teacher acc on its test data (not trained on) | D1: Student acc on own training images | E1: Teacher acc on own training images | F1: Teacher overfitting gap (train - test)
A2: c00 | B2: 0.70359281 | C2: 0.43712575 | D2: 0.79069767 | E2: 0.95873968 | F2: =E2-C2
A3: c01 | B3: 0.75748503 | C3: 0.49700599 | D3: 0.77044261 | E3: 0.94973743 | F3: =E3-C3
A4: c02 | B4: 0.75449102 | C4: 0.47305389 | D4: 0.78244561 | E4: 0.9579895 | F4: =E4-C4
A5: c03 | B5: 0.76646707 | C5: 0.43712575 | D5: 0.79744936 | E5: 0.95498875 | F5: =E5-C5
A6: c04 | B6: 0.79341317 | C6: 0.47005988 | D6: 0.7771943 | E6: 0.95423856 | F6: =E6-C6
A7: c05 | B7: 0.76646707 | C7: 0.3742515 | D7: 0.79069767 | E7: 0.95273818 | F7: =E7-C7
A8: c06 | B8: 0.80239521 | C8: 0.45209581 | D8: 0.78469617 | E8: 0.96249062 | F8: =E8-C8
A9: c07 | B9: 0.75149701 | C9: 0.48502994 | D9: 0.78169542 | E9: 0.94748687 | F9: =E9-C9
A10: c08 | B10: 0.73952096 | C10: 0.42215569 | D10: 0.77869467 | E10: 0.94223556 | F10: =E10-C10
A11: c09 | B11: 0.76946108 | C11: 0.44610778 | D11: 0.78769692 | E11: 0.94748687 | F11: =E11-C11
A12: c10 | B12: 0.72754491 | C12: 0.38323353 | D12: 0.76669167 | E12: 0.95498875 | F12: =E12-C12
A13: c11 | B13: 0.75449102 | C13: 0.43712575 | D13: 0.77269317 | E13: 0.94973743 | F13: =E13-C13
... A31: c29 | B31: 0.76047904 | C31: 0.42814371 | D31: 0.79279279 | E31: 0.95870871 | F31: =E31-C31

Sheet C100_v1_Summary
A1: Metric | B1: Value
A2: Final global student acc | B2: =C100_v1_Rounds!B31
A3: Final global student macro-F1 | B3: =C100_v1_Rounds!C31
A4: Final mean private teacher acc | B4: =C100_v1_Rounds!E31
A5: Best global student acc | B5: =MAX(C100_v1_Rounds!B2:B31)
A6: Best global student macro-F1 | B6: =MAX(C100_v1_Rounds!C2:C31)
A7: Best mean private teacher acc | B7: =MAX(C100_v1_Rounds!E2:E31)
A8: Final mean private teacher macro-F1 | B8: =C100_v1_Rounds!G31
A9: Total training time (h) | B9: =SUM(C100_v1_Rounds!F2:F31)/60
A11: Setting: CIFAR-100, 30 IID clients (80/20 local train/test, 1,333 / 334 images each), 30 rounds x 1 local epoch, batch 8, 32x32 images upsampled to 224, ViT-B mentor / ViT-S mentee, full FedKD loss, no SVD. Global student acc/F1: official 10k test set; per-client and teacher numbers: each client's local 20% test split. v1: one learning rate 3e-5, Adam, no weight decay.

Sheet C100_v2_lrwd_Rounds
A1: Round | B1: Global student acc | C1: Global student macro-F1 | D1: Mean per-client student acc (held-out drivers for State Farm) | E1: Mean private teacher acc | F1: Round time (min) | G1: Mean private teacher macro-F1
A2: 1 | B2: 0.0398 | C2: 0.024580823 | D2: 0.03742515 | E2: 0.041616766 | F2: 9.3487508 | G2: 0.023978102
A3: 2 | B3: 0.161 | C3: 0.12469374 | D3: 0.15219561 | E3: 0.2238523 | F3: 9.2732726 | G3: 0.19046001
A4: 3 | B4: 0.3145 | C4: 0.28570228 | D4: 0.30948104 | E4: 0.34680639 | F4: 9.4234187 | G4: 0.31933016
A5: 4 | B5: 0.4155 | C5: 0.39520749 | D5: 0.41277445 | E5: 0.39520958 | F5: 9.5631375 | G5: 0.37171121
A6: 5 | B6: 0.4748 | C6: 0.4571865 | D6: 0.47255489 | E6: 0.40878244 | F6: 9.5532545 | G6: 0.38322723
A7: 6 | B7: 0.5304 | C7: 0.51578099 | D7: 0.52704591 | E7: 0.41996008 | F7: 9.5667748 | G7: 0.39541771
A8: 7 | B8: 0.5588 | C8: 0.54550438 | D8: 0.55818363 | E8: 0.44421158 | F8: 9.7484374 | G8: 0.41855719
A9: 8 | B9: 0.5857 | C9: 0.57475261 | D9: 0.58732535 | E9: 0.44590818 | F9: 9.674062 | G9: 0.42179596
A10: 9 | B10: 0.6076 | C10: 0.59886007 | D10: 0.60419162 | E10: 0.46936128 | F10: 9.8036913 | G10: 0.44525975
A11: 10 | B11: 0.628 | C11: 0.62165997 | D11: 0.6245509 | E11: 0.46956088 | F11: 9.745298 | G11: 0.44300674
A12: 11 | B12: 0.6443 | C12: 0.63802308 | D12: 0.64081836 | E12: 0.48373253 | F12: 9.7100449 | G12: 0.45867312
A13: 12 | B13: 0.6521 | C13: 0.64520655 | D13: 0.65169661 | E13: 0.48263473 | F13: 9.7207752 | G13: 0.45628073
... A31: 30 | B31: 0.7497 | C31: 0.74846979 | D31: 0.75179641 | E31: 0.50139721 | F31: 10.327512 | G31: 0.48108686

Sheet C100_v2_lrwd_Clients
A1: Client | B1: Global student acc on this client's local test (round 30) | C1: Private teacher acc on its test data (not trained on) | D1: Student acc on own training images | E1: Teacher acc on own training images | F1: Teacher overfitting gap (train - test)
A2: c00 | B2: 0.71556886 | C2: 0.5 | D2: 0.7711928 | E2: 0.963991 | F2: =E2-C2
A3: c01 | B3: 0.74251497 | C3: 0.50598802 | D3: 0.77644411 | E3: 0.97149287 | F3: =E3-C3
A4: c02 | B4: 0.73952096 | C4: 0.52095808 | D4: 0.76894224 | E4: 0.95873968 | F4: =E4-C4
A5: c03 | B5: 0.73353293 | C5: 0.49401198 | D5: 0.78619655 | E5: 0.96249062 | F5: =E5-C5
A6: c04 | B6: 0.76347305 | C6: 0.5239521 | D6: 0.76969242 | E6: 0.96324081 | F6: =E6-C6
A7: c05 | B7: 0.76646707 | C7: 0.53592814 | D7: 0.77944486 | E7: 0.96174044 | F7: =E7-C7
A8: c06 | B8: 0.80838323 | C8: 0.50598802 | D8: 0.78844711 | E8: 0.96549137 | F8: =E8-C8
A9: c07 | B9: 0.73353293 | C9: 0.50598802 | D9: 0.78619655 | E9: 0.96924231 | F9: =E9-C9
A10: c08 | B10: 0.76646707 | C10: 0.49101796 | D10: 0.76369092 | E10: 0.96249062 | F10: =E10-C10
A11: c09 | B11: 0.75449102 | C11: 0.52095808 | D11: 0.76819205 | E11: 0.96699175 | F11: =E11-C11
A12: c10 | B12: 0.73652695 | C12: 0.52694611 | D12: 0.75243811 | E12: 0.96699175 | F12: =E12-C12
A13: c11 | B13: 0.74850299 | C13: 0.51497006 | D13: 0.76669167 | E13: 0.96324081 | F13: =E13-C13
... A31: c29 | B31: 0.76646707 | C31: 0.54191617 | D31: 0.79804805 | E31: 0.96771772 | F31: =E31-C31

Sheet C100_v2_lrwd_Summary
A1: Metric | B1: Value
A2: Final global student acc | B2: =C100_v2_lrwd_Rounds!B31
A3: Final global student macro-F1 | B3: =C100_v2_lrwd_Rounds!C31
A4: Final mean private teacher acc | B4: =C100_v2_lrwd_Rounds!E31
A5: Best global student acc | B5: =MAX(C100_v2_lrwd_Rounds!B2:B31)
A6: Best global student macro-F1 | B6: =MAX(C100_v2_lrwd_Rounds!C2:C31)
A7: Best mean private teacher acc | B7: =MAX(C100_v2_lrwd_Rounds!E2:E31)
A8: Final mean private teacher macro-F1 | B8: =C100_v2_lrwd_Rounds!G31
A9: Total training time (h) | B9: =SUM(C100_v2_lrwd_Rounds!F2:F31)/60
A11: Setting: CIFAR-100, 30 IID clients (80/20 local train/test, 1,333 / 334 images each), 30 rounds x 1 local epoch, batch 8, 32x32 images upsampled to 224, ViT-B mentor / ViT-S mentee, full FedKD loss, no SVD. Global student acc/F1: official 10k test set; per-client and teacher numbers: each client's local 20% test split. v2: teacher lr 1e-5, AdamW weight decay 0.05.

Sheet C100_v3_frozen_Rounds
A1: Round | B1: Global student acc | C1: Global student macro-F1 | D1: Mean per-client student acc (held-out drivers for State Farm) | E1: Mean private teacher acc | F1: Round time (min) | G1: Mean private teacher macro-F1
A2: 1 | B2: 0.0468 | C2: 0.031891858 | D2: 0.051497006 | E2: 0.097704591 | F2: 6.1118509 | G2: 0.082745834
A3: 2 | B3: 0.1684 | C3: 0.13255169 | D3: 0.16447106 | E3: 0.4240519 | F3: 6.3644977 | G3: 0.39936075
A4: 3 | B4: 0.3167 | C4: 0.28786909 | D4: 0.31467066 | E4: 0.60528942 | F4: 6.3753707 | G4: 0.59068874
A5: 4 | B5: 0.4119 | C5: 0.38680021 | D5: 0.41027944 | E5: 0.66307385 | F5: 6.5244689 | G5: 0.65154736
A6: 5 | B6: 0.4685 | C6: 0.44623896 | D6: 0.46706587 | E6: 0.67115768 | F6: 6.5928176 | G6: 0.65780252
A7: 6 | B7: 0.5211 | C7: 0.50234406 | D7: 0.51447106 | E7: 0.67295409 | F7: 6.5533435 | G7: 0.65851164
A8: 7 | B8: 0.5558 | C8: 0.54336341 | D8: 0.54830339 | E8: 0.6759481 | F8: 6.6795399 | G8: 0.66074104
A9: 8 | B9: 0.5826 | C9: 0.57258787 | D9: 0.57694611 | E9: 0.68203593 | F9: 6.7882527 | G9: 0.66653213
A10: 9 | B10: 0.5968 | C10: 0.58750563 | D10: 0.59770459 | E10: 0.68532934 | F10: 6.8983066 | G10: 0.66987072
A11: 10 | B11: 0.6168 | C11: 0.61022803 | D11: 0.61706587 | E11: 0.69161677 | F11: 6.8229728 | G11: 0.67592066
A12: 11 | B12: 0.6353 | C12: 0.62828631 | D12: 0.63283433 | E12: 0.69590818 | F12: 6.9623612 | G12: 0.67980053
A13: 12 | B13: 0.6437 | C13: 0.63708714 | D13: 0.64650699 | E13: 0.70279441 | F13: 7.0107758 | G13: 0.68872137
... A31: 30 | B31: 0.7468 | C31: 0.74598038 | D31: 0.74760479 | E31: 0.74261477 | F31: 7.3465053 | G31: 0.73017517

Sheet C100_v3_frozen_Clients
A1: Client | B1: Global student acc on this client's local test (round 30) | C1: Private teacher acc on its test data (not trained on) | D1: Student acc on own training images | E1: Teacher acc on own training images | F1: Teacher overfitting gap (train - test)
A2: c00 | B2: 0.7005988 | C2: 0.70958084 | D2: 0.78094524 | E2: 0.99099775 | F2: =E2-C2
A3: c01 | B3: 0.73353293 | C3: 0.77245509 | D3: 0.78094524 | E3: 0.987997 | F3: =E3-C3
A4: c02 | B4: 0.75748503 | C4: 0.73053892 | D4: 0.77644411 | E4: 0.99549887 | F4: =E4-C4
A5: c03 | B5: 0.74850299 | C5: 0.77245509 | D5: 0.76969242 | E5: 0.99174794 | F5: =E5-C5
A6: c04 | B6: 0.77245509 | C6: 0.80239521 | D6: 0.7591898 | E6: 0.99249812 | F6: =E6-C6
A7: c05 | B7: 0.74550898 | C7: 0.73053892 | D7: 0.78469617 | E7: 0.99324831 | F7: =E7-C7
A8: c06 | B8: 0.76946108 | C8: 0.74251497 | D8: 0.77944486 | E8: 0.99549887 | F8: =E8-C8
A9: c07 | B9: 0.74251497 | C9: 0.77844311 | D9: 0.78394599 | E9: 0.99249812 | F9: =E9-C9
A10: c08 | B10: 0.75149701 | C10: 0.73652695 | D10: 0.78844711 | E10: 0.99324831 | F10: =E10-C10
A11: c09 | B11: 0.74550898 | C11: 0.73053892 | D11: 0.77269317 | E11: 0.99249812 | F11: =E11-C11
A12: c10 | B12: 0.73353293 | C12: 0.74850299 | D12: 0.75993998 | E12: 0.99024756 | F12: =E12-C12
A13: c11 | B13: 0.74550898 | C13: 0.71856287 | D13: 0.76294074 | E13: 0.99099775 | F13: =E13-C13
... A31: c29 | B31: 0.79341317 | C31: 0.75449102 | D31: 0.79054054 | E31: 0.99324324 | F31: =E31-C31

Sheet C100_v3_frozen_Summary
A1: Metric | B1: Value
A2: Final global student acc | B2: =C100_v3_frozen_Rounds!B31
A3: Final global student macro-F1 | B3: =C100_v3_frozen_Rounds!C31
A4: Final mean private teacher acc | B4: =C100_v3_frozen_Rounds!E31
A5: Best global student acc | B5: =MAX(C100_v3_frozen_Rounds!B2:B31)
A6: Best global student macro-F1 | B6: =MAX(C100_v3_frozen_Rounds!C2:C31)
A7: Best mean private teacher acc | B7: =MAX(C100_v3_frozen_Rounds!E2:E31)
A8: Final mean private teacher macro-F1 | B8: =C100_v3_frozen_Rounds!G31
A9: Total training time (h) | B9: =SUM(C100_v3_frozen_Rounds!F2:F31)/60
A11: Setting: CIFAR-100, 30 IID clients (80/20 local train/test, 1,333 / 334 images each), 30 rounds x 1 local epoch, batch 8, 32x32 images upsampled to 224, ViT-B mentor / ViT-S mentee, full FedKD loss, no SVD. Global student acc/F1: official 10k test set; per-client and teacher numbers: each client's local 20% test split. v3: as v2, plus only the last 2 teacher blocks (+ norm, head) trained.

Sheet CIFAR_v3_S1_full
A1: Setting | B1: Client | C1: Run (config folder) | D1: Label restoration acc | E1: PSNR consensus (dB) | F1: PSNR best seed (dB) | G1: PSNR gray floor (dB) | H1: Consensus - floor (dB) | I1: Final grad-match loss (best seed) | J1: Time (min)
A2: S1 no teacher (CE only) | B2: c00 | C2: c00 | D2: 0.5 | E2: 13.980893 | F2: 13.541038 | G2: 12.343005 | H2: =E2-G2 | I2: 0.17153786 | J2: 208.26436
A3: S1 no teacher (CE only) | B3: c01 | C3: c01 | D3: 0.625 | E3: 12.312303 | F3: 12.437248 | G3: 10.391944 | H3: =E3-G3 | I3: 0.21767783 | J3: 209.98413
A4: S1 no teacher (CE only) | B4: c02 | C4: c02 | D4: 0.625 | E4: 14.986785 | F4: 14.873936 | G4: 12.680748 | H4: =E4-G4 | I4: 0.20006061 | J4: 195.67589
A5: S1 no teacher (CE only) | B5: c03 | C5: c03 | D5: 0.375 | E5: 12.644549 | F5: 12.496388 | G5: 11.458648 | H5: =E5-G5 | I5: 0.17956765 | J5: 195.82866
A7: Averages per setting
A8: Setting | B8: Attacks | C8: Label restoration acc | D8: PSNR consensus (dB) | E8: PSNR best seed (dB) | F8: PSNR gray floor (dB) | G8: Consensus - floor (dB)
A9: S1 no teacher (CE only) | B9: =COUNTIF(A$2:A$5,A9) | C9: =AVERAGEIFS(D$2:D$5,A$2:A$5,A9) | D9: =AVERAGEIFS(E$2:E$5,A$2:A$5,A9) | E9: =AVERAGEIFS(F$2:F$5,A$2:A$5,A9) | F9: =AVERAGEIFS(G$2:G$5,A$2:A$5,A9) | G9: =AVERAGEIFS(H$2:H$5,A$2:A$5,A9)
A11: Threat model: honest-but-curious server sees one client's student gradient for one local step (batch 8, distinct labels, round-30 global student). Private teacher and projector are unknown to the attacker.
A12: PSNR: images in [0,1], reconstructions matched one-to-one to ground truth (Hungarian), averaged over the batch. Consensus = pixel mean over seeds; best seed = lowest gradient-matching loss (attacker-selectable).
A13: Gray floor: PSNR of a uniform gray image; a reconstruction below it carries no recoverable pixel information.
A14: Run c00: {"iterations": 20000, "num_seeds": 2, "lr": 0.1, "alpha_tv": 1.0, "alpha_l2": 1e-06, "alpha_group": 0.01, "alpha_noise": 0.0}
A15: Run c01: {"iterations": 20000, "num_seeds": 2, "lr": 0.1, "alpha_tv": 1.0, "alpha_l2": 1e-06, "alpha_group": 0.01, "alpha_noise": 0.0}
A16: Run c02: {"iterations": 20000, "num_seeds": 2, "lr": 0.1, "alpha_tv": 1.0, "alpha_l2": 1e-06, "alpha_group": 0.01, "alpha_noise": 0.0}
A17: Run c03: {"iterations": 20000, "num_seeds": 2, "lr": 0.1, "alpha_tv": 1.0, "alpha_l2": 1e-06, "alpha_group": 0.01, "alpha_noise": 0.0}

Sheet CIFAR_v3_S1_full_Images
A1: Each grid: row 1 = actual batch, row 2 = consensus reconstruction, row 3 = best-seed reconstruction
A3: S1 no teacher (CE only) - client c00 - run c00
A27: S1 no teacher (CE only) - client c01 - run c01
A51: S1 no teacher (CE only) - client c02 - run c02
A75: S1 no teacher (CE only) - client c03 - run c03

Sheet CIFAR_v3_S2_full
A1: Setting | B1: Client | C1: Run (config folder) | D1: Label restoration acc | E1: PSNR consensus (dB) | F1: PSNR best seed (dB) | G1: PSNR gray floor (dB) | H1: Consensus - floor (dB) | I1: Final grad-match loss (best seed) | J1: Time (min)
A2: S2 DINOv2 ViT-B/14 surrogate | B2: c00 | C2: c00 | D2: 0.5 | E2: 13.571956 | F2: 13.646385 | G2: 12.343005 | H2: =E2-G2 | I2: 0.095400535 | J2: 392.55803
A3: S2 DINOv2 ViT-B/14 surrogate | B3: c01 | C3: c01 | D3: 0.625 | E3: 13.569772 | F3: 13.944164 | G3: 10.391944 | H3: =E3-G3 | I3: 0.1208854 | J3: 396.44768
A4: S2 DINOv2 ViT-B/14 surrogate | B4: c02 | C4: c02 | D4: 0.625 | E4: 15.772173 | F4: 15.385319 | G4: 12.680748 | H4: =E4-G4 | I4: 0.12623537 | J4: 363.57546
A5: S2 DINOv2 ViT-B/14 surrogate | B5: c03 | C5: c03 | D5: 0.375 | E5: 12.977762 | F5: 13.090106 | G5: 11.458648 | H5: =E5-G5 | I5: 0.1111097 | J5: 368.39778
A7: Averages per setting
A8: Setting | B8: Attacks | C8: Label restoration acc | D8: PSNR consensus (dB) | E8: PSNR best seed (dB) | F8: PSNR gray floor (dB) | G8: Consensus - floor (dB)
A9: S2 DINOv2 ViT-B/14 surrogate | B9: =COUNTIF(A$2:A$5,A9) | C9: =AVERAGEIFS(D$2:D$5,A$2:A$5,A9) | D9: =AVERAGEIFS(E$2:E$5,A$2:A$5,A9) | E9: =AVERAGEIFS(F$2:F$5,A$2:A$5,A9) | F9: =AVERAGEIFS(G$2:G$5,A$2:A$5,A9) | G9: =AVERAGEIFS(H$2:H$5,A$2:A$5,A9)
A11: Threat model: honest-but-curious server sees one client's student gradient for one local step (batch 8, distinct labels, round-30 global student). Private teacher and projector are unknown to the attacker.
A12: PSNR: images in [0,1], reconstructions matched one-to-one to ground truth (Hungarian), averaged over the batch. Consensus = pixel mean over seeds; best seed = lowest gradient-matching loss (attacker-selectable).
A13: Gray floor: PSNR of a uniform gray image; a reconstruction below it carries no recoverable pixel information.
A14: Run c00: {"iterations": 20000, "num_seeds": 2, "lr": 0.1, "alpha_tv": 1.0, "alpha_l2": 1e-06, "alpha_group": 0.01, "alpha_noise": 0.0}
A15: Run c01: {"iterations": 20000, "num_seeds": 2, "lr": 0.1, "alpha_tv": 1.0, "alpha_l2": 1e-06, "alpha_group": 0.01, "alpha_noise": 0.0}
A16: Run c02: {"iterations": 20000, "num_seeds": 2, "lr": 0.1, "alpha_tv": 1.0, "alpha_l2": 1e-06, "alpha_group": 0.01, "alpha_noise": 0.0}
A17: Run c03: {"iterations": 20000, "num_seeds": 2, "lr": 0.1, "alpha_tv": 1.0, "alpha_l2": 1e-06, "alpha_group": 0.01, "alpha_noise": 0.0}

Sheet CIFAR_v3_S2_full_Images
A1: Each grid: row 1 = actual batch, row 2 = consensus reconstruction, row 3 = best-seed reconstruction
A3: S2 DINOv2 ViT-B/14 surrogate - client c00 - run c00
A27: S2 DINOv2 ViT-B/14 surrogate - client c01 - run c01
A51: S2 DINOv2 ViT-B/14 surrogate - client c02 - run c02
A75: S2 DINOv2 ViT-B/14 surrogate - client c03 - run c03

Sheet S1_full
A1: Setting | B1: Client | C1: Run (config folder) | D1: Label restoration acc | E1: PSNR consensus (dB) | F1: PSNR best seed (dB) | G1: PSNR gray floor (dB) | H1: Consensus - floor (dB) | I1: Final grad-match loss (best seed) | J1: Time (min)
A2: S1 no teacher (CE only) | B2: p002 | C2: p002 | D2: 0.75 | E2: 10.189818 | F2: 10.022737 | G2: 9.4025087 | H2: =E2-G2 | I2: 0.10207156 | J2: 202.16915
A3: S1 no teacher (CE only) | B3: p012 | C3: p012 | D3: 0.875 | E3: 10.923848 | F3: 10.766936 | G3: 9.9887754 | H3: =E3-G3 | I3: 0.083363958 | J3: 206.36015
A4: S1 no teacher (CE only) | B4: p014 | C4: p014 | D4: 0.75 | E4: 10.659606 | F4: 10.3592 | G4: 10.148804 | H4: =E4-G4 | I4: 0.36727262 | J4: 220.70563
A5: S1 no teacher (CE only) | B5: p015 | C5: p015 | D5: 0.75 | E5: 9.8792329 | F5: 9.6197536 | G5: 10.070384 | H5: =E5-G5 | I5: 0.21590693 | J5: 186.37608
A6: S1 no teacher (CE only) | B6: p021 | C6: p021 | D6: 0.75 | E6: 10.15026 | F6: 9.839114 | G6: 9.4504209 | H6: =E6-G6 | I6: 0.5500204 | J6: 201.27836
A7: S1 no teacher (CE only) | B7: p035 | C7: p035 | D7: 0.75 | E7: 9.7698992 | F7: 9.753765 | G7: 9.0823549 | H7: =E7-G7 | I7: 0.13889217 | J7: 203.81802
A9: Averages per setting
A10: Setting | B10: Attacks | C10: Label restoration acc | D10: PSNR consensus (dB) | E10: PSNR best seed (dB) | F10: PSNR gray floor (dB) | G10: Consensus - floor (dB)
A11: S1 no teacher (CE only) | B11: =COUNTIF(A$2:A$7,A11) | C11: =AVERAGEIFS(D$2:D$7,A$2:A$7,A11) | D11: =AVERAGEIFS(E$2:E$7,A$2:A$7,A11) | E11: =AVERAGEIFS(F$2:F$7,A$2:A$7,A11) | F11: =AVERAGEIFS(G$2:G$7,A$2:A$7,A11) | G11: =AVERAGEIFS(H$2:H$7,A$2:A$7,A11)
A13: Threat model: honest-but-curious server sees one client's student gradient for one local step (batch 8, distinct labels, round-30 global student). Private teacher and projector are unknown to the attacker.
A14: PSNR: images in [0,1], reconstructions matched one-to-one to ground truth (Hungarian), averaged over the batch. Consensus = pixel mean over seeds; best seed = lowest gradient-matching loss (attacker-selectable).
A15: Gray floor: PSNR of a uniform gray image; a reconstruction below it carries no recoverable pixel information.
A16: Run p002: {"iterations": 20000, "num_seeds": 2, "lr": 0.1, "alpha_tv": 1.0, "alpha_l2": 1e-06, "alpha_group": 0.01, "alpha_noise": 0.0}
A17: Run p012: {"iterations": 20000, "num_seeds": 2, "lr": 0.1, "alpha_tv": 1.0, "alpha_l2": 1e-06, "alpha_group": 0.01, "alpha_noise": 0.0}
A18: Run p014: {"iterations": 20000, "num_seeds": 2, "lr": 0.1, "alpha_tv": 1.0, "alpha_l2": 1e-06, "alpha_group": 0.01, "alpha_noise": 0.0}
A19: Run p015: {"iterations": 20000, "num_seeds": 2, "lr": 0.1, "alpha_tv": 1.0, "alpha_l2": 1e-06, "alpha_group": 0.01, "alpha_noise": 0.0}
A20: Run p021: {"iterations": 20000, "num_seeds": 2, "lr": 0.1, "alpha_tv": 1.0, "alpha_l2": 1e-06, "alpha_group": 0.01, "alpha_noise": 0.0}
A21: Run p035: {"iterations": 20000, "num_seeds": 2, "lr": 0.1, "alpha_tv": 1.0, "alpha_l2": 1e-06, "alpha_group": 0.01, "alpha_noise": 0.0}

Sheet S1_full_Images
A1: Each grid: row 1 = actual batch, row 2 = consensus reconstruction, row 3 = best-seed reconstruction
A3: S1 no teacher (CE only) - client p002 - run p002
A27: S1 no teacher (CE only) - client p012 - run p012
A51: S1 no teacher (CE only) - client p014 - run p014
A75: S1 no teacher (CE only) - client p015 - run p015
A99: S1 no teacher (CE only) - client p021 - run p021
A123: S1 no teacher (CE only) - client p035 - run p035

Sheet S2_full
A1: Setting | B1: Client | C1: Run (config folder) | D1: Label restoration acc | E1: PSNR consensus (dB) | F1: PSNR best seed (dB) | G1: PSNR gray floor (dB) | H1: Consensus - floor (dB) | I1: Final grad-match loss (best seed) | J1: Time (min)
A2: S2 DINOv2 ViT-B/14 surrogate | B2: p002 | C2: p002 | D2: 0.75 | E2: 11.955697 | F2: 11.964285 | G2: 9.4025087 | H2: =E2-G2 | I2: 0.032643616 | J2: 380.79958
A3: S2 DINOv2 ViT-B/14 surrogate | B3: p012 | C3: p012 | D3: 0.875 | E3: 12.010816 | F3: 11.82165 | G3: 9.9887754 | H3: =E3-G3 | I3: 0.033657901 | J3: 388.81034
A4: S2 DINOv2 ViT-B/14 surrogate | B4: p014 | C4: p014 | D4: 0.75 | E4: 10.471597 | F4: 10.33662 | G4: 10.148804 | H4: =E4-G4 | I4: 0.033358965 | J4: 417.11278
A5: S2 DINOv2 ViT-B/14 surrogate | B5: p015 | C5: p015 | D5: 0.75 | E5: 12.002794 | F5: 11.547884 | G5: 10.070384 | H5: =E5-G5 | I5: 0.020708665 | J5: 341.17327
A6: S2 DINOv2 ViT-B/14 surrogate | B6: p021 | C6: p021 | D6: 0.75 | E6: 10.270594 | F6: 10.047293 | G6: 9.4504209 | H6: =E6-G6 | I6: 0.030829063 | J6: 377.35766
A7: S2 DINOv2 ViT-B/14 surrogate | B7: p035 | C7: p035 | D7: 0.75 | E7: 9.5972716 | F7: 9.6477018 | G7: 9.0823549 | H7: =E7-G7 | I7: 0.016351042 | J7: 384.0697
A9: Averages per setting
A10: Setting | B10: Attacks | C10: Label restoration acc | D10: PSNR consensus (dB) | E10: PSNR best seed (dB) | F10: PSNR gray floor (dB) | G10: Consensus - floor (dB)
A11: S2 DINOv2 ViT-B/14 surrogate | B11: =COUNTIF(A$2:A$7,A11) | C11: =AVERAGEIFS(D$2:D$7,A$2:A$7,A11) | D11: =AVERAGEIFS(E$2:E$7,A$2:A$7,A11) | E11: =AVERAGEIFS(F$2:F$7,A$2:A$7,A11) | F11: =AVERAGEIFS(G$2:G$7,A$2:A$7,A11) | G11: =AVERAGEIFS(H$2:H$7,A$2:A$7,A11)
A13: Threat model: honest-but-curious server sees one client's student gradient for one local step (batch 8, distinct labels, round-30 global student). Private teacher and projector are unknown to the attacker.
A14: PSNR: images in [0,1], reconstructions matched one-to-one to ground truth (Hungarian), averaged over the batch. Consensus = pixel mean over seeds; best seed = lowest gradient-matching loss (attacker-selectable).
A15: Gray floor: PSNR of a uniform gray image; a reconstruction below it carries no recoverable pixel information.
A16: Run p002: {"iterations": 20000, "num_seeds": 2, "lr": 0.1, "alpha_tv": 1.0, "alpha_l2": 1e-06, "alpha_group": 0.01, "alpha_noise": 0.0}
A17: Run p012: {"iterations": 20000, "num_seeds": 2, "lr": 0.1, "alpha_tv": 1.0, "alpha_l2": 1e-06, "alpha_group": 0.01, "alpha_noise": 0.0}
A18: Run p014: {"iterations": 20000, "num_seeds": 2, "lr": 0.1, "alpha_tv": 1.0, "alpha_l2": 1e-06, "alpha_group": 0.01, "alpha_noise": 0.0}
A19: Run p015: {"iterations": 20000, "num_seeds": 2, "lr": 0.1, "alpha_tv": 1.0, "alpha_l2": 1e-06, "alpha_group": 0.01, "alpha_noise": 0.0}
A20: Run p021: {"iterations": 20000, "num_seeds": 2, "lr": 0.1, "alpha_tv": 1.0, "alpha_l2": 1e-06, "alpha_group": 0.01, "alpha_noise": 0.0}
A21: Run p035: {"iterations": 20000, "num_seeds": 2, "lr": 0.1, "alpha_tv": 1.0, "alpha_l2": 1e-06, "alpha_group": 0.01, "alpha_noise": 0.0}

Sheet S2_full_Images
A1: Each grid: row 1 = actual batch, row 2 = consensus reconstruction, row 3 = best-seed reconstruction
A3: S2 DINOv2 ViT-B/14 surrogate - client p002 - run p002
A27: S2 DINOv2 ViT-B/14 surrogate - client p012 - run p012
A51: S2 DINOv2 ViT-B/14 surrogate - client p014 - run p014
A75: S2 DINOv2 ViT-B/14 surrogate - client p015 - run p015
A99: S2 DINOv2 ViT-B/14 surrogate - client p021 - run p021
A123: S2 DINOv2 ViT-B/14 surrogate - client p035 - run p035

Sheet CIFAR_v3_S1_full_Plots
A1: psnr_gain_all_clients.png
A30: psnr_gain_vs_iteration.png

Sheet CIFAR_v3_S2_full_Plots
A1: psnr_gain_all_clients.png
A30: psnr_gain_vs_iteration.png

Sheet S1_full_Plots
A1: psnr_gain_all_clients.png
A30: psnr_gain_vs_iteration.png

Sheet S2_full_Plots
A1: psnr_gain_all_clients.png
A30: psnr_gain_vs_iteration.png
