Workbook

Sheet GI_Comparison
A1: Client | B1: PSNR gray floor (dB) | C1: none: PSNR consensus (dB) | D1: none: gain over floor (dB) | E1: none: PSNR best seed (dB) | F1: dinov2: PSNR consensus (dB) | G1: dinov2: gain over floor (dB) | H1: dinov2: PSNR best seed (dB) | I1: vitb: PSNR consensus (dB) | J1: vitb: gain over floor (dB) | K1: vitb: PSNR best seed (dB) | L1: dinov2_20k: PSNR consensus (dB) | M1: dinov2_20k: gain over floor (dB) | N1: dinov2_20k: PSNR best seed (dB)
A2: p002 | B2: 9.4480581 | C2: 9.9780282 | D2: =C2-$B2 | E2: 9.6260484 | F2: 10.718546 | G2: =F2-$B2 | H2: 10.519552 | I2: 10.59552 | J2: =I2-$B2 | K2: 10.073838 | L2: 12.227822 | M2: =L2-$B2 | N2: 11.685956
A3: p012 | B3: 10.028167 | C3: 10.752079 | D3: =C3-$B3 | E3: 10.452471 | F3: 11.822374 | G3: =F3-$B3 | H3: 11.463817 | I3: 11.450961 | J3: =I3-$B3 | K3: 10.688674 | L3: 12.714004 | M3: =L3-$B3 | N3: 12.449708
A4: p014 | B4: 10.079504 | C4: 10.08864 | D4: =C4-$B4 | E4: 9.5548837 | F4: 10.064155 | G4: =F4-$B4 | H4: 9.9615473 | I4: 9.9730973 | J4: =I4-$B4 | K4: 9.8939637 | L4: 11.282944 | M4: =L4-$B4 | N4: 10.965744
A5: p015 | B5: 9.9134874 | C5: 9.9499521 | D5: =C5-$B5 | E5: 9.5789551 | F5: 10.921108 | G5: =F5-$B5 | H5: 10.577562 | I5: 10.877146 | J5: =I5-$B5 | K5: 10.624322 | L5: 12.391191 | M5: =L5-$B5 | N5: 12.077136
A6: p016 | B6: 9.8299221 | C6: 9.9847747 | D6: =C6-$B6 | E6: 9.8575438 | F6: 9.7265292 | G6: =F6-$B6 | H6: 9.543987 | I6: 9.7007719 | J6: =I6-$B6 | K6: 9.5635706
A7: p021 | B7: 9.4831512 | C7: 9.3356779 | D7: =C7-$B7 | E7: 9.0845146 | F7: 8.851991 | G7: =F7-$B7 | H7: 8.4565621 | I7: 9.0354547 | J7: =I7-$B7 | K7: 8.7653989 | L7: 10.382353 | M7: =L7-$B7 | N7: 10.20953
A8: p022 | B8: 9.034835 | C8: 8.7650031 | D8: =C8-$B8 | E8: 8.4409205 | F8: 9.4159309 | G8: =F8-$B8 | H8: 9.1691465 | I8: 9.4991927 | J8: =I8-$B8 | K8: 9.2116445
A9: p024 | B9: 9.3548718 | C9: 9.3077487 | D9: =C9-$B9 | E9: 9.0396775 | F9: 9.7233139 | G9: =F9-$B9 | H9: 9.2087881 | I9: 9.4447321 | J9: =I9-$B9 | K9: 8.87945
A10: p026 | B10: 9.3192719 | C10: 9.1544201 | D10: =C10-$B10 | E10: 8.9242079 | F10: 9.7444661 | G10: =F10-$B10 | H10: 9.4579237 | I10: 9.812687 | J10: =I10-$B10 | K10: 9.5062379
A11: p035 | B11: 9.145438 | C11: 9.4789198 | D11: =C11-$B11 | E11: 9.2525292 | F11: 9.9381709 | G11: =F11-$B11 | H11: 9.8663833 | I11: 9.960533 | J11: =I11-$B11 | K11: 9.7837987 | L11: 10.201189 | M11: =L11-$B11 | N11: 9.7289224
A12: Mean | B12: =AVERAGE(B2:B11) | C12: =AVERAGE(C2:C11) | D12: =AVERAGE(D2:D11) | E12: =AVERAGE(E2:E11) | F12: =AVERAGE(F2:F11) | G12: =AVERAGE(G2:G11) | H12: =AVERAGE(H2:H11) | I12: =AVERAGE(I2:I11) | ... N12: =AVERAGE(N2:N11)
A13: Clients above floor | D13: =COUNTIF(D2:D11,">0") | G13: =COUNTIF(G2:G11,">0") | J13: =COUNTIF(J2:J11,">0") | M13: =COUNTIF(M2:M11,">0")
A15: Settings: none = S1 no teacher (CE only); dinov2 = S2 DINOv2 ViT-B/14 surrogate; vitb = S3 unused ImageNet ViT-B/16 surrogate; dinov2_20k = S2_full DINOv2 surrogate, 20k iterations
A16: Gain over floor = consensus PSNR minus PSNR of a uniform gray image (no-information reference).
A17: All attacks: round-30 victim gradient, batch 8, 2 seeds, TV 1, no Langevin noise; 4000 iterations except dinov2_20k (S2_full: 20000 iterations, 6 clients).

Sheet Baseline_Rounds
A1: Round | B1: Global student acc | C1: Global student macro-F1 | D1: Mean per-client student acc | E1: Mean per-client teacher acc | F1: Round time (min)
A2: 1 | B2: 0.15554072 | C2: 0.10521834 | D2: 0.15529797 | E2: 0.97373392 | F2: 18.376507
A3: 2 | B3: 0.2777036 | C3: 0.21264955 | D3: 0.27241046 | E3: 0.97629931 | F3: 18.325596
A4: 3 | B4: 0.31575434 | C4: 0.26664379 | D4: 0.31000904 | E4: 0.97984254 | F4: 18.404884
A5: 4 | B5: 0.46506453 | C5: 0.41671053 | D5: 0.4525096 | E5: 0.97802612 | F5: 18.604814
A6: 5 | B6: 0.51980418 | C6: 0.47843564 | D6: 0.50593475 | E6: 0.98066041 | F6: 18.512171
A7: 6 | B7: 0.57498887 | C7: 0.53916564 | D7: 0.55977294 | E7: 0.98237445 | F7: 18.851755
A8: 7 | B8: 0.61014686 | C8: 0.57819205 | D8: 0.59332285 | E8: 0.98078268 | F8: 18.68901
A9: 8 | B9: 0.63284379 | C9: 0.60462102 | D9: 0.61542426 | E9: 0.98067607 | F9: 18.833843
A10: 9 | B10: 0.65509568 | C10: 0.63224696 | D10: 0.64246485 | E10: 0.97595088 | F10: 19.065006
A11: 10 | B11: 0.67957276 | C11: 0.65687358 | D11: 0.66694191 | E11: 0.9769454 | F11: 19.002255
A12: 11 | B12: 0.70048954 | C12: 0.68076434 | D12: 0.68511702 | E12: 0.97667888 | F12: 19.001861
A13: 12 | B13: 0.72340899 | C13: 0.70819498 | D13: 0.71075386 | E13: 0.98250413 | F13: 19.001536
... A31: 30 | B31: 0.85914553 | C31: 0.85087265 | D31: 0.85454318 | E31: 0.97451162 | F31: 19.390718

Sheet Baseline_Clients
A1: Driver (client) | B1: Global student test acc (round 30) | C1: Private teacher test acc | D1: Student train acc (local) | E1: Teacher train acc (local)
A2: p002 | B2: 0.82068966 | C2: 0.9862069 | D2: 0.98551724 | E2: 0.99758621
A3: p012 | B3: 0.59393939 | C3: 0.93939394 | D3: 0.98085106 | E3: 0.99696049
A4: p014 | B4: 0.94318182 | C4: 0.97159091 | D4: 0.986 | E4: 0.99514286
A5: p015 | B5: 0.77714286 | C5: 0.98857143 | D5: 0.99 | E5: 0.996
A6: p016 | B6: 0.96296296 | C6: 0.97222222 | D6: 0.99489559 | E6: 0.99605568
A7: p021 | B7: 0.89112903 | C7: 0.90322581 | D7: 0.99332659 | E7: 0.99878665
A8: p022 | B8: 0.84615385 | C8: 0.99190283 | D8: 0.99736308 | E8: 0.99939148
A9: p024 | B9: 0.76422764 | C9: 0.99593496 | D9: 0.99408163 | E9: 0.99918367
A10: p026 | B10: 0.95 | C10: 0.9875 | D10: 0.99142259 | E10: 0.99811715
A11: p035 | B11: 0.98235294 | C11: 0.98235294 | D11: 0.99911504 | E11: 0.9979351
A12: p039 | B12: 0.90839695 | C12: 0.98473282 | D12: 0.98923077 | E12: 0.99769231
A13: p041 | B13: 0.89256198 | C13: 0.96694215 | D13: 0.99421488 | E13: 0.99834711
... A27: p081 | B27: 0.84242424 | C27: 0.98787879 | D27: 0.98844985 | E27: 0.99726444

Sheet Baseline_Summary
A1: Metric | B1: Value
A2: Final global student acc | B2: =Baseline_Rounds!B31
A3: Final global student macro-F1 | B3: =Baseline_Rounds!C31
A4: Final mean private teacher acc | B4: =Baseline_Rounds!E31
A5: Best global student acc | B5: =MAX(Baseline_Rounds!B2:B31)
A6: Best global student macro-F1 | B6: =MAX(Baseline_Rounds!C2:C31)
A7: Best mean private teacher acc | B7: =MAX(Baseline_Rounds!E2:E31)
A8: Total training time (h) | B8: =SUM(Baseline_Rounds!F2:F31)/60
A10: Setting: 26 clients (one per driver), 30 rounds x 5 local epochs, batch 8, ViT-B mentor / ViT-S mentee, full FedKD loss, no SVD compression. Teacher F1 was not logged.

Sheet S2_full
A1: Setting | B1: Client | C1: Run (config folder) | D1: Label restoration acc | E1: PSNR consensus (dB) | F1: PSNR best seed (dB) | G1: PSNR gray floor (dB) | H1: Consensus - floor (dB) | I1: Final grad-match loss (best seed) | J1: Time (min)
A2: S2 DINOv2 ViT-B/14 surrogate | B2: p002 | C2: gpu0 | D2: 0.875 | E2: 12.227822 | F2: 11.685956 | G2: 9.4480581 | H2: =E2-G2 | I2: 0.03358848 | J2: 357.90997
A3: S2 DINOv2 ViT-B/14 surrogate | B3: p012 | C3: gpu0 | D3: 0.75 | E3: 12.714004 | F3: 12.449708 | G3: 10.028167 | H3: =E3-G3 | I3: 0.036693107 | J3: 374.90363
A4: S2 DINOv2 ViT-B/14 surrogate | B4: p015 | C4: gpu0 | D4: 0.875 | E4: 12.391191 | F4: 12.077136 | G4: 9.9134874 | H4: =E4-G4 | I4: 0.031884775 | J4: 358.73028
A5: S2 DINOv2 ViT-B/14 surrogate | B5: p014 | C5: gpu1 | D5: 0.875 | E5: 11.282944 | F5: 10.965744 | G5: 10.079504 | H5: =E5-G5 | I5: 0.03908392 | J5: 354.36779
A6: S2 DINOv2 ViT-B/14 surrogate | B6: p021 | C6: gpu1 | D6: 0.875 | E6: 10.382353 | F6: 10.20953 | G6: 9.4831512 | H6: =E6-G6 | I6: 0.035972003 | J6: 362.114
A7: S2 DINOv2 ViT-B/14 surrogate | B7: p035 | C7: gpu1 | D7: 0.75 | E7: 10.201189 | F7: 9.7289224 | G7: 9.145438 | H7: =E7-G7 | I7: 0.011220108 | J7: 375.46149
A9: Averages per setting
A10: Setting | B10: Attacks | C10: Label restoration acc | D10: PSNR consensus (dB) | E10: PSNR best seed (dB) | F10: PSNR gray floor (dB) | G10: Consensus - floor (dB)
A11: S2 DINOv2 ViT-B/14 surrogate | B11: =COUNTIF(A$2:A$7,A11) | C11: =AVERAGEIFS(D$2:D$7,A$2:A$7,A11) | D11: =AVERAGEIFS(E$2:E$7,A$2:A$7,A11) | E11: =AVERAGEIFS(F$2:F$7,A$2:A$7,A11) | F11: =AVERAGEIFS(G$2:G$7,A$2:A$7,A11) | G11: =AVERAGEIFS(H$2:H$7,A$2:A$7,A11)
A13: Threat model: honest-but-curious server sees one client's student gradient for one local step (batch 8, distinct labels, round-30 global student). Private teacher and projector are unknown to the attacker.
A14: PSNR: images in [0,1], reconstructions matched one-to-one to ground truth (Hungarian), averaged over the batch. Consensus = pixel mean over seeds; best seed = lowest gradient-matching loss (attacker-selectable).
A15: Gray floor: PSNR of a uniform gray image; a reconstruction below it carries no recoverable pixel information.
A16: Run gpu0: {"iterations": 20000, "num_seeds": 2, "lr": 0.1, "alpha_tv": 1.0, "alpha_l2": 1e-06, "alpha_group": 0.01, "alpha_noise": 0.0}
A17: Run gpu1: {"iterations": 20000, "num_seeds": 2, "lr": 0.1, "alpha_tv": 1.0, "alpha_l2": 1e-06, "alpha_group": 0.01, "alpha_noise": 0.0}

Sheet S2_full_Images
A1: Each grid: row 1 = actual batch, row 2 = consensus reconstruction, row 3 = best-seed reconstruction
A3: S2 DINOv2 ViT-B/14 surrogate - client p012 - run gpu0
A27: S2 DINOv2 ViT-B/14 surrogate - client p014 - run gpu1
A51: S2 DINOv2 ViT-B/14 surrogate - client p015 - run gpu0
A75: S2 DINOv2 ViT-B/14 surrogate - client p035 - run gpu1
A99: S2 DINOv2 ViT-B/14 surrogate - client p002 - run gpu0
A123: S2 DINOv2 ViT-B/14 surrogate - client p021 - run gpu1

Sheet gi_bench
A1: Setting | B1: Client | C1: Run (config folder) | D1: Label restoration acc | E1: PSNR consensus (dB) | F1: PSNR best seed (dB) | G1: PSNR gray floor (dB) | H1: Consensus - floor (dB) | I1: Final grad-match loss (best seed) | J1: Time (min)
A2: S1 no teacher (CE only) | B2: p002 | C2: gpu0 | D2: 0.875 | E2: 8.695846 | F2: 6.9213316 | G2: 9.4480581 | H2: =E2-G2 | I2: 0.21800835 | J2: 18.875696
A3: S2 DINOv2 ViT-B/14 surrogate | B3: p002 | C3: gpu0 | D3: 0.875 | E3: 8.7238439 | F3: 6.8324801 | G3: 9.4480581 | H3: =E3-G3 | I3: 0.074131891 | J3: 34.287163
A4: S3 unused ImageNet ViT-B/16 surrogate | B4: p002 | C4: gpu0 | D4: 0.875 | E4: 8.7233274 | F4: 6.779706 | G4: 9.4480581 | H4: =E4-G4 | I4: 0.063400589 | J4: 34.172151
A5: S1 no teacher (CE only) | B5: p012 | C5: gpu1 | D5: 0.75 | E5: 9.3129694 | F5: 7.5385049 | G5: 10.028167 | H5: =E5-G5 | I5: 0.12418367 | J5: 19.695227
A6: S2 DINOv2 ViT-B/14 surrogate | B6: p012 | C6: gpu1 | D6: 0.75 | E6: 9.3417994 | F6: 7.4821824 | G6: 10.028167 | H6: =E6-G6 | I6: 0.080622643 | J6: 36.70953
A7: S3 unused ImageNet ViT-B/16 surrogate | B7: p012 | C7: gpu1 | D7: 0.75 | E7: 9.3032907 | F7: 7.0883505 | G7: 10.028167 | H7: =E7-G7 | I7: 0.1071125 | J7: 36.574872
A9: Averages per setting
A10: Setting | B10: Attacks | C10: Label restoration acc | D10: PSNR consensus (dB) | E10: PSNR best seed (dB) | F10: PSNR gray floor (dB) | G10: Consensus - floor (dB)
A11: S1 no teacher (CE only) | B11: =COUNTIF(A$2:A$7,A11) | C11: =AVERAGEIFS(D$2:D$7,A$2:A$7,A11) | D11: =AVERAGEIFS(E$2:E$7,A$2:A$7,A11) | E11: =AVERAGEIFS(F$2:F$7,A$2:A$7,A11) | F11: =AVERAGEIFS(G$2:G$7,A$2:A$7,A11) | G11: =AVERAGEIFS(H$2:H$7,A$2:A$7,A11)
A12: S2 DINOv2 ViT-B/14 surrogate | B12: =COUNTIF(A$2:A$7,A12) | C12: =AVERAGEIFS(D$2:D$7,A$2:A$7,A12) | D12: =AVERAGEIFS(E$2:E$7,A$2:A$7,A12) | E12: =AVERAGEIFS(F$2:F$7,A$2:A$7,A12) | F12: =AVERAGEIFS(G$2:G$7,A$2:A$7,A12) | G12: =AVERAGEIFS(H$2:H$7,A$2:A$7,A12)
A13: S3 unused ImageNet ViT-B/16 surrogate | B13: =COUNTIF(A$2:A$7,A13) | C13: =AVERAGEIFS(D$2:D$7,A$2:A$7,A13) | D13: =AVERAGEIFS(E$2:E$7,A$2:A$7,A13) | E13: =AVERAGEIFS(F$2:F$7,A$2:A$7,A13) | F13: =AVERAGEIFS(G$2:G$7,A$2:A$7,A13) | G13: =AVERAGEIFS(H$2:H$7,A$2:A$7,A13)
A15: Threat model: honest-but-curious server sees one client's student gradient for one local step (batch 8, distinct labels, round-30 global student). Private teacher and projector are unknown to the attacker.
A16: PSNR: images in [0,1], reconstructions matched one-to-one to ground truth (Hungarian), averaged over the batch. Consensus = pixel mean over seeds; best seed = lowest gradient-matching loss (attacker-selectable).
A17: Gray floor: PSNR of a uniform gray image; a reconstruction below it carries no recoverable pixel information.
A18: Run gpu0: {"iterations": 1000, "num_seeds": 4, "lr": 0.1, "alpha_tv": 0.0001, "alpha_l2": 1e-06, "alpha_group": 0.01, "alpha_noise": 0.01}
A19: Run gpu1: {"iterations": 1000, "num_seeds": 4, "lr": 0.1, "alpha_tv": 0.0001, "alpha_l2": 1e-06, "alpha_group": 0.01, "alpha_noise": 0.01}

Sheet gi_bench_Images
A1: Each grid: row 1 = actual batch, row 2 = consensus reconstruction, row 3 = best-seed reconstruction
A3: S2 DINOv2 ViT-B/14 surrogate - client p002 - run gpu0
A27: S1 no teacher (CE only) - client p002 - run gpu0
A51: S3 unused ImageNet ViT-B/16 surrogate - client p002 - run gpu0
A75: S2 DINOv2 ViT-B/14 surrogate - client p012 - run gpu1
A99: S1 no teacher (CE only) - client p012 - run gpu1
A123: S3 unused ImageNet ViT-B/16 surrogate - client p012 - run gpu1

Sheet gi_s1_none
A1: Setting | B1: Client | C1: Run (config folder) | D1: Label restoration acc | E1: PSNR consensus (dB) | F1: PSNR best seed (dB) | G1: PSNR gray floor (dB) | H1: Consensus - floor (dB) | I1: Final grad-match loss (best seed) | J1: Time (min)
A2: S1 no teacher (CE only) | B2: p002 | C2: gpu0 | D2: 0.875 | E2: 9.9780282 | F2: 9.6260484 | G2: 9.4480581 | H2: =E2-G2 | I2: 0.11181042 | J2: 39.961488
A3: S1 no teacher (CE only) | B3: p014 | C3: gpu0 | D3: 0.875 | E3: 10.08864 | F3: 9.5548837 | G3: 10.079504 | H3: =E3-G3 | I3: 0.44132105 | J3: 40.036268
A4: S1 no teacher (CE only) | B4: p016 | C4: gpu0 | D4: 0.75 | E4: 9.9847747 | F4: 9.8575438 | G4: 9.8299221 | H4: =E4-G4 | I4: 0.18895115 | J4: 39.912634
A5: S1 no teacher (CE only) | B5: p022 | C5: gpu0 | D5: 0.75 | E5: 8.7650031 | F5: 8.4409205 | G5: 9.034835 | H5: =E5-G5 | I5: 0.21824807 | J5: 39.692421
A6: S1 no teacher (CE only) | B6: p026 | C6: gpu0 | D6: 0.75 | E6: 9.1544201 | F6: 8.9242079 | G6: 9.3192719 | H6: =E6-G6 | I6: 0.17822973 | J6: 39.742457
A7: S1 no teacher (CE only) | B7: p012 | C7: gpu1 | D7: 0.75 | E7: 10.752079 | F7: 10.452471 | G7: 10.028167 | H7: =E7-G7 | I7: 0.10765942 | J7: 39.21316
A8: S1 no teacher (CE only) | B8: p015 | C8: gpu1 | D8: 0.875 | E8: 9.9499521 | F8: 9.5789551 | G8: 9.9134874 | H8: =E8-G8 | I8: 0.24321967 | J8: 39.314725
A9: S1 no teacher (CE only) | B9: p021 | C9: gpu1 | D9: 0.875 | E9: 9.3356779 | F9: 9.0845146 | G9: 9.4831512 | H9: =E9-G9 | I9: 0.10175169 | J9: 39.291367
A10: S1 no teacher (CE only) | B10: p024 | C10: gpu1 | D10: 0.875 | E10: 9.3077487 | F10: 9.0396775 | G10: 9.3548718 | H10: =E10-G10 | I10: 0.12923294 | J10: 39.364871
A11: S1 no teacher (CE only) | B11: p035 | C11: gpu1 | D11: 0.75 | E11: 9.4789198 | F11: 9.2525292 | G11: 9.145438 | H11: =E11-G11 | I11: 0.64676553 | J11: 39.241218
A13: Averages per setting
A14: Setting | B14: Attacks | C14: Label restoration acc | D14: PSNR consensus (dB) | E14: PSNR best seed (dB) | F14: PSNR gray floor (dB) | G14: Consensus - floor (dB)
A15: S1 no teacher (CE only) | B15: =COUNTIF(A$2:A$11,A15) | C15: =AVERAGEIFS(D$2:D$11,A$2:A$11,A15) | D15: =AVERAGEIFS(E$2:E$11,A$2:A$11,A15) | E15: =AVERAGEIFS(F$2:F$11,A$2:A$11,A15) | F15: =AVERAGEIFS(G$2:G$11,A$2:A$11,A15) | G15: =AVERAGEIFS(H$2:H$11,A$2:A$11,A15)
A17: Threat model: honest-but-curious server sees one client's student gradient for one local step (batch 8, distinct labels, round-30 global student). Private teacher and projector are unknown to the attacker.
A18: PSNR: images in [0,1], reconstructions matched one-to-one to ground truth (Hungarian), averaged over the batch. Consensus = pixel mean over seeds; best seed = lowest gradient-matching loss (attacker-selectable).
A19: Gray floor: PSNR of a uniform gray image; a reconstruction below it carries no recoverable pixel information.
A20: Run gpu0: {"iterations": 4000, "num_seeds": 2, "lr": 0.1, "alpha_tv": 1.0, "alpha_l2": 1e-06, "alpha_group": 0.01, "alpha_noise": 0.0}
A21: Run gpu1: {"iterations": 4000, "num_seeds": 2, "lr": 0.1, "alpha_tv": 1.0, "alpha_l2": 1e-06, "alpha_group": 0.01, "alpha_noise": 0.0}

Sheet gi_s1_none_Images
A1: Each grid: row 1 = actual batch, row 2 = consensus reconstruction, row 3 = best-seed reconstruction
A3: S1 no teacher (CE only) - client p002 - run gpu0
A27: S1 no teacher (CE only) - client p014 - run gpu0
A51: S1 no teacher (CE only) - client p016 - run gpu0
A75: S1 no teacher (CE only) - client p022 - run gpu0
A99: S1 no teacher (CE only) - client p026 - run gpu0
A123: S1 no teacher (CE only) - client p012 - run gpu1
A147: S1 no teacher (CE only) - client p015 - run gpu1
A171: S1 no teacher (CE only) - client p021 - run gpu1
A195: S1 no teacher (CE only) - client p024 - run gpu1
A219: S1 no teacher (CE only) - client p035 - run gpu1

Sheet gi_s2_dinov2
A1: Setting | B1: Client | C1: Run (config folder) | D1: Label restoration acc | E1: PSNR consensus (dB) | F1: PSNR best seed (dB) | G1: PSNR gray floor (dB) | H1: Consensus - floor (dB) | I1: Final grad-match loss (best seed) | J1: Time (min)
A2: S2 DINOv2 ViT-B/14 surrogate | B2: p002 | C2: gpu0 | D2: 0.875 | E2: 10.718546 | F2: 10.519552 | G2: 9.4480581 | H2: =E2-G2 | I2: 0.067980103 | J2: 80.241247
A3: S2 DINOv2 ViT-B/14 surrogate | B3: p014 | C3: gpu0 | D3: 0.875 | E3: 10.064155 | F3: 9.9615473 | G3: 10.079504 | H3: =E3-G3 | I3: 0.071897134 | J3: 80.217052
A4: S2 DINOv2 ViT-B/14 surrogate | B4: p016 | C4: gpu0 | D4: 0.75 | E4: 9.7265292 | F4: 9.543987 | G4: 9.8299221 | H4: =E4-G4 | I4: 0.060637929 | J4: 80.281783
A5: S2 DINOv2 ViT-B/14 surrogate | B5: p022 | C5: gpu0 | D5: 0.75 | E5: 9.4159309 | F5: 9.1691465 | G5: 9.034835 | H5: =E5-G5 | I5: 0.052166987 | J5: 80.147763
A6: S2 DINOv2 ViT-B/14 surrogate | B6: p026 | C6: gpu0 | D6: 0.75 | E6: 9.7444661 | F6: 9.4579237 | G6: 9.3192719 | H6: =E6-G6 | I6: 0.071673304 | J6: 80.060556
A7: S2 DINOv2 ViT-B/14 surrogate | B7: p012 | C7: gpu1 | D7: 0.75 | E7: 11.822374 | F7: 11.463817 | G7: 10.028167 | H7: =E7-G7 | I7: 0.058502626 | J7: 87.028776
A8: S2 DINOv2 ViT-B/14 surrogate | B8: p015 | C8: gpu1 | D8: 0.875 | E8: 10.921108 | F8: 10.577562 | G8: 9.9134874 | H8: =E8-G8 | I8: 0.084593229 | J8: 87.288039
A9: S2 DINOv2 ViT-B/14 surrogate | B9: p021 | C9: gpu1 | D9: 0.875 | E9: 8.851991 | F9: 8.4565621 | G9: 9.4831512 | H9: =E9-G9 | I9: 0.13971429 | J9: 87.185096
A10: S2 DINOv2 ViT-B/14 surrogate | B10: p024 | C10: gpu1 | D10: 0.875 | E10: 9.7233139 | F10: 9.2087881 | G10: 9.3548718 | H10: =E10-G10 | I10: 0.10525683 | J10: 87.020532
A11: S2 DINOv2 ViT-B/14 surrogate | B11: p035 | C11: gpu1 | D11: 0.75 | E11: 9.9381709 | F11: 9.8663833 | G11: 9.145438 | H11: =E11-G11 | I11: 0.022963958 | J11: 86.833089
A13: Averages per setting
A14: Setting | B14: Attacks | C14: Label restoration acc | D14: PSNR consensus (dB) | E14: PSNR best seed (dB) | F14: PSNR gray floor (dB) | G14: Consensus - floor (dB)
A15: S2 DINOv2 ViT-B/14 surrogate | B15: =COUNTIF(A$2:A$11,A15) | C15: =AVERAGEIFS(D$2:D$11,A$2:A$11,A15) | D15: =AVERAGEIFS(E$2:E$11,A$2:A$11,A15) | E15: =AVERAGEIFS(F$2:F$11,A$2:A$11,A15) | F15: =AVERAGEIFS(G$2:G$11,A$2:A$11,A15) | G15: =AVERAGEIFS(H$2:H$11,A$2:A$11,A15)
A17: Threat model: honest-but-curious server sees one client's student gradient for one local step (batch 8, distinct labels, round-30 global student). Private teacher and projector are unknown to the attacker.
A18: PSNR: images in [0,1], reconstructions matched one-to-one to ground truth (Hungarian), averaged over the batch. Consensus = pixel mean over seeds; best seed = lowest gradient-matching loss (attacker-selectable).
A19: Gray floor: PSNR of a uniform gray image; a reconstruction below it carries no recoverable pixel information.
A20: Run gpu0: {"iterations": 4000, "num_seeds": 2, "lr": 0.1, "alpha_tv": 1.0, "alpha_l2": 1e-06, "alpha_group": 0.01, "alpha_noise": 0.0}
A21: Run gpu1: {"iterations": 4000, "num_seeds": 2, "lr": 0.1, "alpha_tv": 1.0, "alpha_l2": 1e-06, "alpha_group": 0.01, "alpha_noise": 0.0}

Sheet gi_s2_dinov2_Images
A1: Each grid: row 1 = actual batch, row 2 = consensus reconstruction, row 3 = best-seed reconstruction
A3: S2 DINOv2 ViT-B/14 surrogate - client p002 - run gpu0
A27: S2 DINOv2 ViT-B/14 surrogate - client p014 - run gpu0
A51: S2 DINOv2 ViT-B/14 surrogate - client p016 - run gpu0
A75: S2 DINOv2 ViT-B/14 surrogate - client p022 - run gpu0
A99: S2 DINOv2 ViT-B/14 surrogate - client p026 - run gpu0
A123: S2 DINOv2 ViT-B/14 surrogate - client p012 - run gpu1
A147: S2 DINOv2 ViT-B/14 surrogate - client p015 - run gpu1
A171: S2 DINOv2 ViT-B/14 surrogate - client p021 - run gpu1
A195: S2 DINOv2 ViT-B/14 surrogate - client p024 - run gpu1
A219: S2 DINOv2 ViT-B/14 surrogate - client p035 - run gpu1

Sheet gi_s3_vitb
A1: Setting | B1: Client | C1: Run (config folder) | D1: Label restoration acc | E1: PSNR consensus (dB) | F1: PSNR best seed (dB) | G1: PSNR gray floor (dB) | H1: Consensus - floor (dB) | I1: Final grad-match loss (best seed) | J1: Time (min)
A2: S3 unused ImageNet ViT-B/16 surrogate | B2: p002 | C2: gpu0 | D2: 0.875 | E2: 10.59552 | F2: 10.073838 | G2: 9.4480581 | H2: =E2-G2 | I2: 0.04941776 | J2: 73.00156
A3: S3 unused ImageNet ViT-B/16 surrogate | B3: p014 | C3: gpu0 | D3: 0.875 | E3: 9.9730973 | F3: 9.8939637 | G3: 10.079504 | H3: =E3-G3 | I3: 0.074950226 | J3: 73.055474
A4: S3 unused ImageNet ViT-B/16 surrogate | B4: p016 | C4: gpu0 | D4: 0.75 | E4: 9.7007719 | F4: 9.5635706 | G4: 9.8299221 | H4: =E4-G4 | I4: 0.062856935 | J4: 72.982189
A5: S3 unused ImageNet ViT-B/16 surrogate | B5: p022 | C5: gpu0 | D5: 0.75 | E5: 9.4991927 | F5: 9.2116445 | G5: 9.034835 | H5: =E5-G5 | I5: 0.042295069 | J5: 73.191829
A6: S3 unused ImageNet ViT-B/16 surrogate | B6: p026 | C6: gpu0 | D6: 0.75 | E6: 9.812687 | F6: 9.5062379 | G6: 9.3192719 | H6: =E6-G6 | I6: 0.069424897 | J6: 73.109112
A7: S3 unused ImageNet ViT-B/16 surrogate | B7: p012 | C7: gpu1 | D7: 0.75 | E7: 11.450961 | F7: 10.688674 | G7: 10.028167 | H7: =E7-G7 | I7: 0.07247518 | J7: 79.136688
A8: S3 unused ImageNet ViT-B/16 surrogate | B8: p015 | C8: gpu1 | D8: 0.875 | E8: 10.877146 | F8: 10.624322 | G8: 9.9134874 | H8: =E8-G8 | I8: 0.077845261 | J8: 79.269226
A9: S3 unused ImageNet ViT-B/16 surrogate | B9: p021 | C9: gpu1 | D9: 0.875 | E9: 9.0354547 | F9: 8.7653989 | G9: 9.4831512 | H9: =E9-G9 | I9: 0.12511352 | J9: 79.193112
A10: S3 unused ImageNet ViT-B/16 surrogate | B10: p024 | C10: gpu1 | D10: 0.875 | E10: 9.4447321 | F10: 8.87945 | G10: 9.3548718 | H10: =E10-G10 | I10: 0.10988306 | J10: 79.278324
A11: S3 unused ImageNet ViT-B/16 surrogate | B11: p035 | C11: gpu1 | D11: 0.75 | E11: 9.960533 | F11: 9.7837987 | G11: 9.145438 | H11: =E11-G11 | I11: 0.021843066 | J11: 78.837486
A13: Averages per setting
A14: Setting | B14: Attacks | C14: Label restoration acc | D14: PSNR consensus (dB) | E14: PSNR best seed (dB) | F14: PSNR gray floor (dB) | G14: Consensus - floor (dB)
A15: S3 unused ImageNet ViT-B/16 surrogate | B15: =COUNTIF(A$2:A$11,A15) | C15: =AVERAGEIFS(D$2:D$11,A$2:A$11,A15) | D15: =AVERAGEIFS(E$2:E$11,A$2:A$11,A15) | E15: =AVERAGEIFS(F$2:F$11,A$2:A$11,A15) | F15: =AVERAGEIFS(G$2:G$11,A$2:A$11,A15) | G15: =AVERAGEIFS(H$2:H$11,A$2:A$11,A15)
A17: Threat model: honest-but-curious server sees one client's student gradient for one local step (batch 8, distinct labels, round-30 global student). Private teacher and projector are unknown to the attacker.
A18: PSNR: images in [0,1], reconstructions matched one-to-one to ground truth (Hungarian), averaged over the batch. Consensus = pixel mean over seeds; best seed = lowest gradient-matching loss (attacker-selectable).
A19: Gray floor: PSNR of a uniform gray image; a reconstruction below it carries no recoverable pixel information.
A20: Run gpu0: {"iterations": 4000, "num_seeds": 2, "lr": 0.1, "alpha_tv": 1.0, "alpha_l2": 1e-06, "alpha_group": 0.01, "alpha_noise": 0.0}
A21: Run gpu1: {"iterations": 4000, "num_seeds": 2, "lr": 0.1, "alpha_tv": 1.0, "alpha_l2": 1e-06, "alpha_group": 0.01, "alpha_noise": 0.0}

Sheet gi_s3_vitb_Images
A1: Each grid: row 1 = actual batch, row 2 = consensus reconstruction, row 3 = best-seed reconstruction
A3: S3 unused ImageNet ViT-B/16 surrogate - client p002 - run gpu0
A27: S3 unused ImageNet ViT-B/16 surrogate - client p014 - run gpu0
A51: S3 unused ImageNet ViT-B/16 surrogate - client p016 - run gpu0
A75: S3 unused ImageNet ViT-B/16 surrogate - client p022 - run gpu0
A99: S3 unused ImageNet ViT-B/16 surrogate - client p026 - run gpu0
A123: S3 unused ImageNet ViT-B/16 surrogate - client p012 - run gpu1
A147: S3 unused ImageNet ViT-B/16 surrogate - client p015 - run gpu1
A171: S3 unused ImageNet ViT-B/16 surrogate - client p021 - run gpu1
A195: S3 unused ImageNet ViT-B/16 surrogate - client p024 - run gpu1
A219: S3 unused ImageNet ViT-B/16 surrogate - client p035 - run gpu1

Sheet gi_tune
A1: Setting | B1: Client | C1: Run (config folder) | D1: Label restoration acc | E1: PSNR consensus (dB) | F1: PSNR best seed (dB) | G1: PSNR gray floor (dB) | H1: Consensus - floor (dB) | I1: Final grad-match loss (best seed) | J1: Time (min)
A2: S1 no teacher (CE only) | B2: p002 | C2: tv1_noise0 | D2: 0.875 | E2: 9.6219009 | F2: 9.303836 | G2: 9.4480581 | H2: =E2-G2 | I2: 0.14136678 | J2: 19.986542
A3: S1 no teacher (CE only) | B3: p002 | C3: tv1_noise0.01 | D3: 0.875 | E3: 9.5627393 | F3: 9.267759 | G3: 9.4480581 | H3: =E3-G3 | I3: 0.15161386 | J3: 19.263268
A4: S1 no teacher (CE only) | B4: p002 | C4: tv1e-1_noise0 | D4: 0.875 | E4: 8.6452677 | F4: 7.9510298 | G4: 9.4480581 | H4: =E4-G4 | I4: 0.11493973 | J4: 20.031046
A5: S1 no teacher (CE only) | B5: p002 | C5: tv1e-1_noise0.01 | D5: 0.875 | E5: 8.6329418 | F5: 7.7766429 | G5: 9.4480581 | H5: =E5-G5 | I5: 0.14634819 | J5: 19.278298
A6: S1 no teacher (CE only) | B6: p002 | C6: tv1e-2_noise0 | D6: 0.875 | E6: 8.2185139 | F6: 7.3064252 | G6: 9.4480581 | H6: =E6-G6 | I6: 0.12669207 | J6: 19.952916
A7: S1 no teacher (CE only) | B7: p002 | C7: tv1e-2_noise0.01 | D7: 0.875 | E7: 8.1965122 | F7: 7.1365298 | G7: 9.4480581 | H7: =E7-G7 | I7: 0.13385423 | J7: 19.254702
A9: Averages per setting
A10: Setting | B10: Attacks | C10: Label restoration acc | D10: PSNR consensus (dB) | E10: PSNR best seed (dB) | F10: PSNR gray floor (dB) | G10: Consensus - floor (dB)
A11: S1 no teacher (CE only) | B11: =COUNTIF(A$2:A$7,A11) | C11: =AVERAGEIFS(D$2:D$7,A$2:A$7,A11) | D11: =AVERAGEIFS(E$2:E$7,A$2:A$7,A11) | E11: =AVERAGEIFS(F$2:F$7,A$2:A$7,A11) | F11: =AVERAGEIFS(G$2:G$7,A$2:A$7,A11) | G11: =AVERAGEIFS(H$2:H$7,A$2:A$7,A11)
A13: Threat model: honest-but-curious server sees one client's student gradient for one local step (batch 8, distinct labels, round-30 global student). Private teacher and projector are unknown to the attacker.
A14: PSNR: images in [0,1], reconstructions matched one-to-one to ground truth (Hungarian), averaged over the batch. Consensus = pixel mean over seeds; best seed = lowest gradient-matching loss (attacker-selectable).
A15: Gray floor: PSNR of a uniform gray image; a reconstruction below it carries no recoverable pixel information.
A16: Run tv1_noise0: {"iterations": 2000, "num_seeds": 2, "lr": 0.1, "alpha_tv": 1.0, "alpha_l2": 1e-06, "alpha_group": 0.01, "alpha_noise": 0.0}
A17: Run tv1_noise0.01: {"iterations": 2000, "num_seeds": 2, "lr": 0.1, "alpha_tv": 1.0, "alpha_l2": 1e-06, "alpha_group": 0.01, "alpha_noise": 0.01}
A18: Run tv1e-1_noise0: {"iterations": 2000, "num_seeds": 2, "lr": 0.1, "alpha_tv": 0.1, "alpha_l2": 1e-06, "alpha_group": 0.01, "alpha_noise": 0.0}
A19: Run tv1e-1_noise0.01: {"iterations": 2000, "num_seeds": 2, "lr": 0.1, "alpha_tv": 0.1, "alpha_l2": 1e-06, "alpha_group": 0.01, "alpha_noise": 0.01}
A20: Run tv1e-2_noise0: {"iterations": 2000, "num_seeds": 2, "lr": 0.1, "alpha_tv": 0.01, "alpha_l2": 1e-06, "alpha_group": 0.01, "alpha_noise": 0.0}
A21: Run tv1e-2_noise0.01: {"iterations": 2000, "num_seeds": 2, "lr": 0.1, "alpha_tv": 0.01, "alpha_l2": 1e-06, "alpha_group": 0.01, "alpha_noise": 0.01}

Sheet gi_tune_Images
A1: Each grid: row 1 = actual batch, row 2 = consensus reconstruction, row 3 = best-seed reconstruction
A3: S1 no teacher (CE only) - client p002 - run tv1_noise0.01
A27: S1 no teacher (CE only) - client p002 - run tv1_noise0
A51: S1 no teacher (CE only) - client p002 - run tv1e-1_noise0.01
A75: S1 no teacher (CE only) - client p002 - run tv1e-1_noise0
A99: S1 no teacher (CE only) - client p002 - run tv1e-2_noise0.01
A123: S1 no teacher (CE only) - client p002 - run tv1e-2_noise0

Sheet S2_full_Plots
A1: psnr_gain_all_clients.png
A30: psnr_gain_vs_iteration.png
